[
{
    "model": "contenttypes.contenttype",
    "pk": 1,
    "fields": {
        "app_label": "admin",
        "model": "logentry"
    }
},
{
    "model": "contenttypes.contenttype",
    "pk": 2,
    "fields": {
        "app_label": "auth",
        "model": "permission"
    }
},
{
    "model": "contenttypes.contenttype",
    "pk": 3,
    "fields": {
        "app_label": "auth",
        "model": "group"
    }
},
{
    "model": "contenttypes.contenttype",
    "pk": 4,
    "fields": {
        "app_label": "contenttypes",
        "model": "contenttype"
    }
},
{
    "model": "contenttypes.contenttype",
    "pk": 5,
    "fields": {
        "app_label": "sessions",
        "model": "session"
    }
},
{
    "model": "contenttypes.contenttype",
    "pk": 6,
    "fields": {
        "app_label": "authentication",
        "model": "user"
    }
},
{
    "model": "contenttypes.contenttype",
    "pk": 7,
    "fields": {
        "app_label": "musicians",
        "model": "userprofile"
    }
},
{
    "model": "contenttypes.contenttype",
    "pk": 8,
    "fields": {
        "app_label": "musicians",
        "model": "instrument"
    }
},
{
    "model": "contenttypes.contenttype",
    "pk": 9,
    "fields": {
        "app_label": "band",
        "model": "band"
    }
},
{
    "model": "contenttypes.contenttype",
    "pk": 10,
    "fields": {
        "app_label": "band",
        "model": "musicalgenre"
    }
},
{
    "model": "contenttypes.contenttype",
    "pk": 11,
    "fields": {
        "app_label": "band",
        "model": "userband"
    }
},
{
    "model": "contenttypes.contenttype",
    "pk": 12,
    "fields": {
        "app_label": "band",
        "model": "membership"
    }
},
{
    "model": "sessions.session",
    "pk": "5sd8apfvi7urjc0b39u6ghhwnksow5g2",
    "fields": {
        "session_data": "NTZkZjEzY2VlMzk1NmRkMDI3MWY2YTViOWVjOTQ3YjkwMWU2ZDAwNTp7Il9hdXRoX3VzZXJfaGFzaCI6ImQwZjYzMmYxNDlmNjYxNDZiYjM1NjIxZmVjZDQ4Yzg5NDk3NmVjNDkiLCJfYXV0aF91c2VyX2JhY2tlbmQiOiJkamFuZ28uY29udHJpYi5hdXRoLmJhY2tlbmRzLk1vZGVsQmFja2VuZCIsIl9hdXRoX3VzZXJfaWQiOiIxIn0=",
        "expire_date": "2019-02-15T10:46:04.653Z"
    }
},
{
    "model": "sessions.session",
    "pk": "8by0zw5yyuoz4nfa2eriv14a301141g3",
    "fields": {
        "session_data": "NjdkOWRiMjg2MzJlM2IwYTFiYTFiYTRmMzc3NTNkOGFkNDJhNWY1Mzp7fQ==",
        "expire_date": "2019-01-19T13:09:41.079Z"
    }
},
{
    "model": "sessions.session",
    "pk": "96kforwc0g3x64u0yvx73pb1ssrebc04",
    "fields": {
        "session_data": "N2MwZmE3OTczMmQyZmFlNGM2NjFlNGEyNjYxZGIzYjhlNmVkM2ZmNDp7Il9hdXRoX3VzZXJfaWQiOiIxMCIsIl9hdXRoX3VzZXJfYmFja2VuZCI6ImRqYW5nby5jb250cmliLmF1dGguYmFja2VuZHMuTW9kZWxCYWNrZW5kIiwiX2F1dGhfdXNlcl9oYXNoIjoiMTA4ZDFiYzk1ZTFiOWRjMGI5YjgyMDg1YTM2YzdhMDZkOGU3Mjc0YiJ9",
        "expire_date": "2019-02-04T20:30:06.915Z"
    }
},
{
    "model": "sessions.session",
    "pk": "lb497oqebgrfazzbsg56g1bg29prqyc9",
    "fields": {
        "session_data": "NjdkOWRiMjg2MzJlM2IwYTFiYTFiYTRmMzc3NTNkOGFkNDJhNWY1Mzp7fQ==",
        "expire_date": "2019-01-14T12:14:05.972Z"
    }
},
{
    "model": "sessions.session",
    "pk": "yypw9kyu6t44z8p1v804qq9ceiyelz3h",
    "fields": {
        "session_data": "YjRiYmE4YjliYzZjNDdlMzkwYjI1ZmQxNTgxNDVjN2NkOWRhYzc4Yzp7Il9hdXRoX3VzZXJfaWQiOiIxIiwiX2F1dGhfdXNlcl9oYXNoIjoiZDBmNjMyZjE0OWY2NjE0NmJiMzU2MjFmZWNkNDhjODk0OTc2ZWM0OSIsIl9hdXRoX3VzZXJfYmFja2VuZCI6ImRqYW5nby5jb250cmliLmF1dGguYmFja2VuZHMuTW9kZWxCYWNrZW5kIn0=",
        "expire_date": "2019-02-08T09:08:17.985Z"
    }
},
{
    "model": "auth.permission",
    "pk": 1,
    "fields": {
        "name": "Can add log entry",
        "content_type": 1,
        "codename": "add_logentry"
    }
},
{
    "model": "auth.permission",
    "pk": 2,
    "fields": {
        "name": "Can change log entry",
        "content_type": 1,
        "codename": "change_logentry"
    }
},
{
    "model": "auth.permission",
    "pk": 3,
    "fields": {
        "name": "Can delete log entry",
        "content_type": 1,
        "codename": "delete_logentry"
    }
},
{
    "model": "auth.permission",
    "pk": 4,
    "fields": {
        "name": "Can view log entry",
        "content_type": 1,
        "codename": "view_logentry"
    }
},
{
    "model": "auth.permission",
    "pk": 5,
    "fields": {
        "name": "Can add permission",
        "content_type": 2,
        "codename": "add_permission"
    }
},
{
    "model": "auth.permission",
    "pk": 6,
    "fields": {
        "name": "Can change permission",
        "content_type": 2,
        "codename": "change_permission"
    }
},
{
    "model": "auth.permission",
    "pk": 7,
    "fields": {
        "name": "Can delete permission",
        "content_type": 2,
        "codename": "delete_permission"
    }
},
{
    "model": "auth.permission",
    "pk": 8,
    "fields": {
        "name": "Can view permission",
        "content_type": 2,
        "codename": "view_permission"
    }
},
{
    "model": "auth.permission",
    "pk": 9,
    "fields": {
        "name": "Can add group",
        "content_type": 3,
        "codename": "add_group"
    }
},
{
    "model": "auth.permission",
    "pk": 10,
    "fields": {
        "name": "Can change group",
        "content_type": 3,
        "codename": "change_group"
    }
},
{
    "model": "auth.permission",
    "pk": 11,
    "fields": {
        "name": "Can delete group",
        "content_type": 3,
        "codename": "delete_group"
    }
},
{
    "model": "auth.permission",
    "pk": 12,
    "fields": {
        "name": "Can view group",
        "content_type": 3,
        "codename": "view_group"
    }
},
{
    "model": "auth.permission",
    "pk": 13,
    "fields": {
        "name": "Can add content type",
        "content_type": 4,
        "codename": "add_contenttype"
    }
},
{
    "model": "auth.permission",
    "pk": 14,
    "fields": {
        "name": "Can change content type",
        "content_type": 4,
        "codename": "change_contenttype"
    }
},
{
    "model": "auth.permission",
    "pk": 15,
    "fields": {
        "name": "Can delete content type",
        "content_type": 4,
        "codename": "delete_contenttype"
    }
},
{
    "model": "auth.permission",
    "pk": 16,
    "fields": {
        "name": "Can view content type",
        "content_type": 4,
        "codename": "view_contenttype"
    }
},
{
    "model": "auth.permission",
    "pk": 17,
    "fields": {
        "name": "Can add session",
        "content_type": 5,
        "codename": "add_session"
    }
},
{
    "model": "auth.permission",
    "pk": 18,
    "fields": {
        "name": "Can change session",
        "content_type": 5,
        "codename": "change_session"
    }
},
{
    "model": "auth.permission",
    "pk": 19,
    "fields": {
        "name": "Can delete session",
        "content_type": 5,
        "codename": "delete_session"
    }
},
{
    "model": "auth.permission",
    "pk": 20,
    "fields": {
        "name": "Can view session",
        "content_type": 5,
        "codename": "view_session"
    }
},
{
    "model": "auth.permission",
    "pk": 21,
    "fields": {
        "name": "Can add user",
        "content_type": 6,
        "codename": "add_user"
    }
},
{
    "model": "auth.permission",
    "pk": 22,
    "fields": {
        "name": "Can change user",
        "content_type": 6,
        "codename": "change_user"
    }
},
{
    "model": "auth.permission",
    "pk": 23,
    "fields": {
        "name": "Can delete user",
        "content_type": 6,
        "codename": "delete_user"
    }
},
{
    "model": "auth.permission",
    "pk": 24,
    "fields": {
        "name": "Can view user",
        "content_type": 6,
        "codename": "view_user"
    }
},
{
    "model": "auth.permission",
    "pk": 25,
    "fields": {
        "name": "Can add user profile",
        "content_type": 7,
        "codename": "add_userprofile"
    }
},
{
    "model": "auth.permission",
    "pk": 26,
    "fields": {
        "name": "Can change user profile",
        "content_type": 7,
        "codename": "change_userprofile"
    }
},
{
    "model": "auth.permission",
    "pk": 27,
    "fields": {
        "name": "Can delete user profile",
        "content_type": 7,
        "codename": "delete_userprofile"
    }
},
{
    "model": "auth.permission",
    "pk": 28,
    "fields": {
        "name": "Can view user profile",
        "content_type": 7,
        "codename": "view_userprofile"
    }
},
{
    "model": "auth.permission",
    "pk": 29,
    "fields": {
        "name": "Can add instrument",
        "content_type": 8,
        "codename": "add_instrument"
    }
},
{
    "model": "auth.permission",
    "pk": 30,
    "fields": {
        "name": "Can change instrument",
        "content_type": 8,
        "codename": "change_instrument"
    }
},
{
    "model": "auth.permission",
    "pk": 31,
    "fields": {
        "name": "Can delete instrument",
        "content_type": 8,
        "codename": "delete_instrument"
    }
},
{
    "model": "auth.permission",
    "pk": 32,
    "fields": {
        "name": "Can view instrument",
        "content_type": 8,
        "codename": "view_instrument"
    }
},
{
    "model": "auth.permission",
    "pk": 33,
    "fields": {
        "name": "Can add band",
        "content_type": 9,
        "codename": "add_band"
    }
},
{
    "model": "auth.permission",
    "pk": 34,
    "fields": {
        "name": "Can change band",
        "content_type": 9,
        "codename": "change_band"
    }
},
{
    "model": "auth.permission",
    "pk": 35,
    "fields": {
        "name": "Can delete band",
        "content_type": 9,
        "codename": "delete_band"
    }
},
{
    "model": "auth.permission",
    "pk": 36,
    "fields": {
        "name": "Can view band",
        "content_type": 9,
        "codename": "view_band"
    }
},
{
    "model": "auth.permission",
    "pk": 37,
    "fields": {
        "name": "Can add musical genre",
        "content_type": 10,
        "codename": "add_musicalgenre"
    }
},
{
    "model": "auth.permission",
    "pk": 38,
    "fields": {
        "name": "Can change musical genre",
        "content_type": 10,
        "codename": "change_musicalgenre"
    }
},
{
    "model": "auth.permission",
    "pk": 39,
    "fields": {
        "name": "Can delete musical genre",
        "content_type": 10,
        "codename": "delete_musicalgenre"
    }
},
{
    "model": "auth.permission",
    "pk": 40,
    "fields": {
        "name": "Can view musical genre",
        "content_type": 10,
        "codename": "view_musicalgenre"
    }
},
{
    "model": "auth.permission",
    "pk": 41,
    "fields": {
        "name": "Can add member",
        "content_type": 11,
        "codename": "add_member"
    }
},
{
    "model": "auth.permission",
    "pk": 42,
    "fields": {
        "name": "Can change member",
        "content_type": 11,
        "codename": "change_member"
    }
},
{
    "model": "auth.permission",
    "pk": 43,
    "fields": {
        "name": "Can delete member",
        "content_type": 11,
        "codename": "delete_member"
    }
},
{
    "model": "auth.permission",
    "pk": 44,
    "fields": {
        "name": "Can view member",
        "content_type": 11,
        "codename": "view_member"
    }
},
{
    "model": "auth.permission",
    "pk": 45,
    "fields": {
        "name": "Can add user band",
        "content_type": 11,
        "codename": "add_userband"
    }
},
{
    "model": "auth.permission",
    "pk": 46,
    "fields": {
        "name": "Can change user band",
        "content_type": 11,
        "codename": "change_userband"
    }
},
{
    "model": "auth.permission",
    "pk": 47,
    "fields": {
        "name": "Can delete user band",
        "content_type": 11,
        "codename": "delete_userband"
    }
},
{
    "model": "auth.permission",
    "pk": 48,
    "fields": {
        "name": "Can view user band",
        "content_type": 11,
        "codename": "view_userband"
    }
},
{
    "model": "auth.permission",
    "pk": 49,
    "fields": {
        "name": "Can add membership",
        "content_type": 12,
        "codename": "add_membership"
    }
},
{
    "model": "auth.permission",
    "pk": 50,
    "fields": {
        "name": "Can change membership",
        "content_type": 12,
        "codename": "change_membership"
    }
},
{
    "model": "auth.permission",
    "pk": 51,
    "fields": {
        "name": "Can delete membership",
        "content_type": 12,
        "codename": "delete_membership"
    }
},
{
    "model": "auth.permission",
    "pk": 52,
    "fields": {
        "name": "Can view membership",
        "content_type": 12,
        "codename": "view_membership"
    }
},
{
    "model": "authentication.user",
    "pk": 1,
    "fields": {
        "password": "pbkdf2_sha256$120000$7OZ5xgu0AYYh$7+/6vHbEi1eDWRhxYzY3u+ONo3skD48ddC5I/YwztUQ=",
        "last_login": "2019-02-01T10:46:04.636Z",
        "is_superuser": true,
        "first_name": "",
        "last_name": "",
        "is_staff": true,
        "is_active": true,
        "date_joined": "2018-12-31T12:13:01.335Z",
        "email": "aurelia.gourbere@gmail.com",
        "groups": [],
        "user_permissions": []
    }
},
{
    "model": "authentication.user",
    "pk": 2,
    "fields": {
        "password": "pbkdf2_sha256$120000$egAFoE7CE678$GGz2HGAqPLhdwddTEutsbulusJceANm7g4lVzxt24m4=",
        "last_login": null,
        "is_superuser": false,
        "first_name": "",
        "last_name": "",
        "is_staff": false,
        "is_active": true,
        "date_joined": "2018-12-31T12:14:05.705Z",
        "email": "toto@gmail.com",
        "groups": [],
        "user_permissions": []
    }
},
{
    "model": "authentication.user",
    "pk": 3,
    "fields": {
        "password": "pbkdf2_sha256$120000$8nuBIkgi2rPT$3w0xjqejUXCvam0mRLsy4GcCY2rJXYMEh++tdkbPD3Q=",
        "last_login": "2019-01-28T15:58:58.507Z",
        "is_superuser": false,
        "first_name": "",
        "last_name": "",
        "is_staff": false,
        "is_active": true,
        "date_joined": "2018-12-31T12:18:53.733Z",
        "email": "tata@gmail.com",
        "groups": [],
        "user_permissions": []
    }
},
{
    "model": "authentication.user",
    "pk": 4,
    "fields": {
        "password": "pbkdf2_sha256$120000$s1dnfeoXApsZ$2QPB7vFjAhKOZFSqgN3v+9olx/zD9GIzhm554Cz59AQ=",
        "last_login": "2019-01-01T18:51:27.947Z",
        "is_superuser": false,
        "first_name": "",
        "last_name": "",
        "is_staff": false,
        "is_active": true,
        "date_joined": "2019-01-01T18:51:27.732Z",
        "email": "vitor@free.fr",
        "groups": [],
        "user_permissions": []
    }
},
{
    "model": "authentication.user",
    "pk": 5,
    "fields": {
        "password": "pbkdf2_sha256$120000$QavwSbR7r9Ma$f8JqJj7JpZ/0TvQWBEGIojw1ammp5+5kVeZxPu0ycd4=",
        "last_login": "2019-01-14T09:49:32.260Z",
        "is_superuser": false,
        "first_name": "",
        "last_name": "",
        "is_staff": false,
        "is_active": true,
        "date_joined": "2019-01-06T22:08:41.708Z",
        "email": "raoul@free.re",
        "groups": [],
        "user_permissions": []
    }
},
{
    "model": "authentication.user",
    "pk": 6,
    "fields": {
        "password": "pbkdf2_sha256$120000$LqGx7YgyVMZN$oQ0oh40sNDUt98165mYDNZuVW6CdCGkAvNsFdOD8EjM=",
        "last_login": "2019-01-21T12:16:50.154Z",
        "is_superuser": false,
        "first_name": "",
        "last_name": "",
        "is_staff": false,
        "is_active": true,
        "date_joined": "2019-01-09T11:16:35.144Z",
        "email": "michel@free.fr",
        "groups": [],
        "user_permissions": []
    }
},
{
    "model": "authentication.user",
    "pk": 7,
    "fields": {
        "password": "pbkdf2_sha256$120000$ynOn6pkmtWdJ$DhHofQhl+3MiDuee/yKiCUSWMaAsGzi6dUu1o4+WiMg=",
        "last_login": "2019-01-27T22:19:16.931Z",
        "is_superuser": false,
        "first_name": "",
        "last_name": "",
        "is_staff": false,
        "is_active": true,
        "date_joined": "2019-01-09T19:30:07.892Z",
        "email": "jcpaulin@free.fr",
        "groups": [],
        "user_permissions": []
    }
},
{
    "model": "authentication.user",
    "pk": 8,
    "fields": {
        "password": "pbkdf2_sha256$120000$MH2DNs6h6hZN$7XURsv0AEnNLg0qPV7F8qlpmDwaiMMNPB+tVDPSqukc=",
        "last_login": "2019-01-18T12:58:35.534Z",
        "is_superuser": false,
        "first_name": "",
        "last_name": "",
        "is_staff": false,
        "is_active": true,
        "date_joined": "2019-01-18T09:52:14.871Z",
        "email": "tom@gmail.com",
        "groups": [],
        "user_permissions": []
    }
},
{
    "model": "authentication.user",
    "pk": 9,
    "fields": {
        "password": "pbkdf2_sha256$120000$m8eJ96gih7d6$EKOObMh4zB/rbCraL9YEhH7qMizqtFgJlwnxf8AR/Y8=",
        "last_login": "2019-01-22T13:27:31.622Z",
        "is_superuser": false,
        "first_name": "",
        "last_name": "",
        "is_staff": false,
        "is_active": true,
        "date_joined": "2019-01-19T10:38:38.148Z",
        "email": "cedric.brion@gmail.com",
        "groups": [],
        "user_permissions": []
    }
},
{
    "model": "authentication.user",
    "pk": 10,
    "fields": {
        "password": "pbkdf2_sha256$120000$MYP8cMIQV12B$4qNSjd9ZghMYSDdyyP/ES5byrc3Dl48lUaN4U7uHGl8=",
        "last_login": "2019-01-21T20:30:06.890Z",
        "is_superuser": false,
        "first_name": "",
        "last_name": "",
        "is_staff": false,
        "is_active": true,
        "date_joined": "2019-01-21T20:30:06.528Z",
        "email": "test@horlmail.com",
        "groups": [],
        "user_permissions": []
    }
},
{
    "model": "authentication.user",
    "pk": 11,
    "fields": {
        "password": "pbkdf2_sha256$120000$G7CZsdtgnSO3$Q1PW6JbL+HTxWpYjx9rSmYHD/VJwKq+nCq1lN+PXpC0=",
        "last_login": "2019-01-29T16:49:55.083Z",
        "is_superuser": false,
        "first_name": "",
        "last_name": "",
        "is_staff": false,
        "is_active": true,
        "date_joined": "2019-01-21T21:42:54.818Z",
        "email": "jeanpierre@free.fr",
        "groups": [],
        "user_permissions": []
    }
},
{
    "model": "authentication.user",
    "pk": 12,
    "fields": {
        "password": "pbkdf2_sha256$120000$I7byutsK5GTh$SiCn+cs/ZoXYbyRnkRHVoGebUY1rZIDQ8pChl9t+eus=",
        "last_login": "2019-01-22T10:35:34.656Z",
        "is_superuser": false,
        "first_name": "",
        "last_name": "",
        "is_staff": false,
        "is_active": true,
        "date_joined": "2019-01-22T10:35:34.385Z",
        "email": "test23@free.fr",
        "groups": [],
        "user_permissions": []
    }
},
{
    "model": "authentication.user",
    "pk": 13,
    "fields": {
        "password": "aqwz7418",
        "last_login": null,
        "is_superuser": false,
        "first_name": "",
        "last_name": "",
        "is_staff": false,
        "is_active": true,
        "date_joined": "2019-01-22T14:46:30.294Z",
        "email": "test@hotmail.com",
        "groups": [],
        "user_permissions": []
    }
},
{
    "model": "authentication.user",
    "pk": 16,
    "fields": {
        "password": "pbkdf2_sha256$120000$hCV5dJNAv2dI$lP8lX1v84fK1jWxesTY2IAuNNfz7nAZGzZMriCpVKwM=",
        "last_login": "2019-01-23T07:15:11.687Z",
        "is_superuser": false,
        "first_name": "",
        "last_name": "",
        "is_staff": false,
        "is_active": true,
        "date_joined": "2019-01-23T07:15:11.488Z",
        "email": "test45@free.fr",
        "groups": [],
        "user_permissions": []
    }
},
{
    "model": "authentication.user",
    "pk": 17,
    "fields": {
        "password": "pbkdf2_sha256$120000$uWdZNGyRBi58$VfpKtN3yB0RGtdMR2m7W6+z5uwusPtszqWPryTYcT5M=",
        "last_login": "2019-01-23T11:10:38.884Z",
        "is_superuser": false,
        "first_name": "",
        "last_name": "",
        "is_staff": false,
        "is_active": true,
        "date_joined": "2019-01-23T11:10:38.684Z",
        "email": "compte@free.fr",
        "groups": [],
        "user_permissions": []
    }
},
{
    "model": "musicians.userprofile",
    "pk": 1,
    "fields": {
        "user": 1,
        "username": "Aur\u00e9lia I'm the big boss of Lima!",
        "bio": "Je suis en train de coder ce site! et c'est super cooool",
        "code": "34070",
        "county_name": "H\u00e9rault",
        "town": "Montpellier",
        "birth_year": 1976,
        "avatar": "user_avatar/2019-01-11-1_6yZQUcw.jpg",
        "gender": "F",
        "created_at": "2018-12-31T12:13:01.436Z",
        "updated_at": "2019-02-01T10:46:04.646Z"
    }
},
{
    "model": "musicians.userprofile",
    "pk": 2,
    "fields": {
        "user": 2,
        "username": "",
        "bio": "",
        "code": "",
        "county_name": "",
        "town": "",
        "birth_year": null,
        "avatar": "",
        "gender": "H",
        "created_at": "2018-12-31T12:14:05.848Z",
        "updated_at": "2018-12-31T12:14:05.869Z"
    }
},
{
    "model": "musicians.userprofile",
    "pk": 3,
    "fields": {
        "user": 3,
        "username": "Super Tatie",
        "bio": "Lorem ipsum dolor sit amet, consectetur adipiscing elit, sed do eiusmod tempor incididunt ut labore et dolore magna aliqua. Ut enim ad minim veniam, quis nostrusddsds sdsdsdsllamco laboris nisi ut aliquip ex ea commodo consequat. Duis aute irure dolor in reprehenderit in voluptate velit esse cillum dolore eu fugiat nulla pariatur. Excepteur sint occaecat cupidatat non proident, sunt in culpa qui officia deserunt mollit anim id est laborum.",
        "code": "34070",
        "county_name": "H\u00e9rault",
        "town": "Montpellier",
        "birth_year": 1957,
        "avatar": "user_avatar/2019-01-09-3_xrw0ydc.jpg",
        "gender": "F",
        "created_at": "2018-12-31T12:18:53.876Z",
        "updated_at": "2019-01-28T15:58:58.516Z"
    }
},
{
    "model": "musicians.userprofile",
    "pk": 4,
    "fields": {
        "user": 4,
        "username": "",
        "bio": "",
        "code": "",
        "county_name": "",
        "town": "",
        "birth_year": null,
        "avatar": "",
        "gender": "H",
        "created_at": "2019-01-01T18:51:27.922Z",
        "updated_at": "2019-01-01T18:51:27.957Z"
    }
},
{
    "model": "musicians.userprofile",
    "pk": 5,
    "fields": {
        "user": 5,
        "username": "Raoul la canette",
        "bio": "Bernard Ouillon na\u00eet le 7 octobre 19463 \u00e0 Saint-\u00c9tienne1. Son p\u00e8re, ancien r\u00e9sistant pendant la Seconde Guerre mondiale, et syndicaliste plus tard, est directeur des ressources humaines \u00e0 la manufacture nationale d'armes (MAS) et sa m\u00e8re est institutrice4. Il commence la boxe \u00e0 l'\u00e2ge de 13 ans. Son \u00e9ducation joue un grand r\u00f4le dans son approche de la musique. Il explique que ce sont ses parents qui lui ont donn\u00e9 la passion pour les rythmes tropicaux, le jazz portoricain, la musique classique et",
        "code": "31170",
        "county_name": "Haute-Garonne",
        "town": "Tournefeuille",
        "birth_year": 1968,
        "avatar": "user_avatar/2019-01-11-5_3f1E9zv.jpg",
        "gender": "H",
        "created_at": "2019-01-06T22:08:42.221Z",
        "updated_at": "2019-01-14T14:46:44.913Z"
    }
},
{
    "model": "musicians.userprofile",
    "pk": 6,
    "fields": {
        "user": 6,
        "username": "Miquel",
        "bio": "Michel Hamburger, dit Michel Berger, est un pianiste, auteur-compositeur-interpr\u00e8te, directeur artistique et arrangeur musical fran\u00e7ais, n\u00e9 le 28 novembre 1947 \u00e0 Neuilly-sur-Seine et mort le 2 ao\u00fbt 1992 \u00e0 Ramatuelle dans le Var. Il \u00e9tait l'\u00e9poux de la chanteuse France Gall.",
        "code": "75011",
        "county_name": "Paris",
        "town": "Paris",
        "birth_year": 1967,
        "avatar": "user_avatar/2019-01-14-6.jpg",
        "gender": "H",
        "created_at": "2019-01-09T11:16:35.270Z",
        "updated_at": "2019-01-21T12:16:50.169Z"
    }
},
{
    "model": "musicians.userprofile",
    "pk": 7,
    "fields": {
        "user": 7,
        "username": "JCoool",
        "bio": "Adolescent, influenc\u00e9 par ses idoles am\u00e9ricaines du rock 'n' roll, il est emport\u00e9 par la vague de musique skiffle qui s\u00e9vit \u00e0 Liverpool et fonde au d\u00e9but de 1957 le groupe des Quarrymen, qui \u00e9voluent pour devenir, avec Paul McCartney, George Harrison et Ringo Starr, les Beatles. Des albums Please Please Me en 1963 \u00e0 Let It Be en 1970, les Beatles deviennent un des plus grands ph\u00e9nom\u00e8nes de l'histoire de l'industrie discographique, introduisant de nombreuses innovations musicales et m\u00e9langeant le",
        "code": "31120",
        "county_name": "Haute-Garonne",
        "town": "Portet-sur-Garonne",
        "birth_year": 1967,
        "avatar": "user_avatar/2019-01-15-7.jpg",
        "gender": "H",
        "created_at": "2019-01-09T19:30:08.140Z",
        "updated_at": "2019-01-27T22:19:16.940Z"
    }
},
{
    "model": "musicians.userprofile",
    "pk": 8,
    "fields": {
        "user": 8,
        "username": "Tom",
        "bio": "Thomas John Woodward, dit Tom Jones, n\u00e9 le 7 juin 1940 \u00e0 Pontypridd (Pays de Galles), est un chanteur Gallois tr\u00e8s populaire durant les ann\u00e9es 1960 et 1970. Il conna\u00eet un regain de succ\u00e8s mondial, surtout en Europe, \u00e0 la fin des ann\u00e9es 1990 notamment avec la chanson Sex Bomb. Depuis 1965, il aurait vendu plus de 100 millions de disques1. Il fut \u00e9galement \u00e9lu artiste du mill\u00e9naire par le magazine Rock & Folk (no 26 de septembre 1999)2.",
        "code": "91610",
        "county_name": "Essonne",
        "town": "Ballancourt-sur-Essonne",
        "birth_year": 1978,
        "avatar": "user_avatar/2019-01-18-8_06GQlWh.jpg",
        "gender": "H",
        "created_at": "2019-01-18T09:52:15.484Z",
        "updated_at": "2019-01-18T12:58:35.543Z"
    }
},
{
    "model": "musicians.userprofile",
    "pk": 9,
    "fields": {
        "user": 9,
        "username": "c\u00e9drix",
        "bio": "vw T4, punk and rocknroll!",
        "code": "34000",
        "county_name": "H\u00e9rault",
        "town": "Montpellier",
        "birth_year": 1977,
        "avatar": "user_avatar/2019-01-19-9.jpg",
        "gender": "H",
        "created_at": "2019-01-19T10:38:38.914Z",
        "updated_at": "2019-01-22T13:27:31.632Z"
    }
},
{
    "model": "musicians.userprofile",
    "pk": 10,
    "fields": {
        "user": 10,
        "username": "",
        "bio": "",
        "code": "",
        "county_name": "",
        "town": "",
        "birth_year": null,
        "avatar": "",
        "gender": "",
        "created_at": "2019-01-21T20:30:06.823Z",
        "updated_at": "2019-01-21T20:30:06.908Z"
    }
},
{
    "model": "musicians.userprofile",
    "pk": 11,
    "fields": {
        "user": 11,
        "username": "Jean-Pierre",
        "bio": "C'est finalement \u00e0 l'or\u00e9e de la trentaine qu'il se fait conna\u00eetre du grand public. En effet, il publie \u00e0 ce moment-l\u00e0 plusieurs chansons dans un style synthpop - en pleine vague \u00ab new wave \u00bb - qui le rendent c\u00e9l\u00e8bre, rentrant notamment dans le Top 50 fran\u00e7ais, alors r\u00e9cemment cr\u00e9\u00e9 sur la nouvelle cha\u00eene payante Canal+. Ses 45 tours Disparue (fin 1984), Macumba (1985) et Un pied devant l'autre (fin 1985) sont de grands hits, faisant de Jean-Pierre Mader un chanteur en vogue ; ils sont extraits de",
        "code": "31170",
        "county_name": "Haute-Garonne",
        "town": "Tournefeuille",
        "birth_year": 1955,
        "avatar": "user_avatar/2019-01-28-11_TNZd5qF.jpg",
        "gender": "H",
        "created_at": "2019-01-21T21:42:54.942Z",
        "updated_at": "2019-01-29T16:56:13.148Z"
    }
},
{
    "model": "musicians.userprofile",
    "pk": 12,
    "fields": {
        "user": 12,
        "username": "",
        "bio": "",
        "code": "",
        "county_name": "",
        "town": "",
        "birth_year": null,
        "avatar": "",
        "gender": "",
        "created_at": "2019-01-22T10:35:34.582Z",
        "updated_at": "2019-01-22T10:35:34.666Z"
    }
},
{
    "model": "musicians.userprofile",
    "pk": 13,
    "fields": {
        "user": 13,
        "username": "",
        "bio": "",
        "code": "",
        "county_name": "",
        "town": "",
        "birth_year": null,
        "avatar": "",
        "gender": "",
        "created_at": "2019-01-22T14:46:30.336Z",
        "updated_at": "2019-01-22T14:46:30.344Z"
    }
},
{
    "model": "musicians.userprofile",
    "pk": 14,
    "fields": {
        "user": 16,
        "username": "",
        "bio": "",
        "code": "",
        "county_name": "",
        "town": "",
        "birth_year": null,
        "avatar": "",
        "gender": "",
        "created_at": "2019-01-23T07:15:11.645Z",
        "updated_at": "2019-01-23T07:15:11.696Z"
    }
},
{
    "model": "musicians.userprofile",
    "pk": 15,
    "fields": {
        "user": 17,
        "username": "Toto",
        "bio": "Et dire qu'il y a un groupe qui s'appelle Toto",
        "code": "01700",
        "county_name": "Ain",
        "town": "Saint-Maurice-de-Beynost",
        "birth_year": 1971,
        "avatar": "user_avatar/2019-01-24-17_gUhwWoi.jpg",
        "gender": "F",
        "created_at": "2019-01-23T11:10:38.859Z",
        "updated_at": "2019-01-24T12:44:07.744Z"
    }
},
{
    "model": "musicians.instrument",
    "pk": 1,
    "fields": {
        "instrument": "BASSE",
        "level": "bon",
        "musician": 6
    }
},
{
    "model": "musicians.instrument",
    "pk": 3,
    "fields": {
        "instrument": "GUITARE",
        "level": "bon",
        "musician": 4
    }
},
{
    "model": "musicians.instrument",
    "pk": 5,
    "fields": {
        "instrument": "CONTREBASSE",
        "level": "Super fort",
        "musician": 6
    }
},
{
    "model": "musicians.instrument",
    "pk": 6,
    "fields": {
        "instrument": "CONTREBASSE",
        "level": "Super fort",
        "musician": 6
    }
},
{
    "model": "musicians.instrument",
    "pk": 7,
    "fields": {
        "instrument": "HARMONICA",
        "level": "vraiment pas tr\u00e8s bon",
        "musician": 6
    }
},
{
    "model": "musicians.instrument",
    "pk": 8,
    "fields": {
        "instrument": "CLAVIER",
        "level": "D\u00e9butant",
        "musician": 6
    }
},
{
    "model": "musicians.instrument",
    "pk": 9,
    "fields": {
        "instrument": "Guitariste",
        "level": "Confirm\u00e9",
        "musician": 6
    }
},
{
    "model": "musicians.instrument",
    "pk": 10,
    "fields": {
        "instrument": "Harmoniciste",
        "level": "Professionnel",
        "musician": 6
    }
},
{
    "model": "musicians.instrument",
    "pk": 11,
    "fields": {
        "instrument": "Guitariste",
        "level": "D\u00e9butant",
        "musician": 7
    }
},
{
    "model": "musicians.instrument",
    "pk": 26,
    "fields": {
        "instrument": "Contrebassiste",
        "level": "Interm\u00e9diaire",
        "musician": 3
    }
},
{
    "model": "musicians.instrument",
    "pk": 27,
    "fields": {
        "instrument": "Percussionniste",
        "level": "D\u00e9butant",
        "musician": 3
    }
},
{
    "model": "musicians.instrument",
    "pk": 28,
    "fields": {
        "instrument": "Percussionniste",
        "level": "D\u00e9butant",
        "musician": 3
    }
},
{
    "model": "musicians.instrument",
    "pk": 29,
    "fields": {
        "instrument": "Percussionniste",
        "level": "D\u00e9butant",
        "musician": 8
    }
},
{
    "model": "musicians.instrument",
    "pk": 30,
    "fields": {
        "instrument": "Guitariste",
        "level": "Interm\u00e9diaire",
        "musician": 8
    }
},
{
    "model": "musicians.instrument",
    "pk": 33,
    "fields": {
        "instrument": "Bassiste",
        "level": "Interm\u00e9diaire",
        "musician": 1
    }
},
{
    "model": "musicians.instrument",
    "pk": 36,
    "fields": {
        "instrument": "Contrebassiste",
        "level": "Professionnel",
        "musician": 9
    }
},
{
    "model": "musicians.instrument",
    "pk": 37,
    "fields": {
        "instrument": "Clavieriste",
        "level": "Professionnel",
        "musician": 11
    }
},
{
    "model": "musicians.instrument",
    "pk": 39,
    "fields": {
        "instrument": "Guitariste",
        "level": "Interm\u00e9diaire",
        "musician": 17
    }
},
{
    "model": "musicians.instrument",
    "pk": 40,
    "fields": {
        "instrument": "Harmoniciste",
        "level": "Professionnel",
        "musician": 17
    }
},
{
    "model": "band.band",
    "pk": 9,
    "fields": {
        "name": "lol",
        "bio": "",
        "code": "",
        "county_name": "",
        "town": "",
        "avatar": "",
        "created_at": "2019-01-31T17:11:07.350Z",
        "updated_at": "2019-01-31T17:11:07.350Z",
        "type": null,
        "owner": 1
    }
},
{
    "model": "band.band",
    "pk": 10,
    "fields": {
        "name": "Pourquoi",
        "bio": "fdfdfzfdvdvdsvsdvds",
        "code": "82000",
        "county_name": "Tarn-et-Garonne",
        "town": "Montauban",
        "avatar": "band_avatar/2019-02-01-10.jpg",
        "created_at": "2019-02-01T08:40:47.243Z",
        "updated_at": "2019-02-01T08:40:47.352Z",
        "type": null,
        "owner": 1
    }
},
{
    "model": "band.band",
    "pk": 11,
    "fields": {
        "name": "En cours de cr\u00e9ation",
        "bio": "",
        "code": "",
        "county_name": "",
        "town": "",
        "avatar": "",
        "created_at": "2019-02-01T09:35:45.846Z",
        "updated_at": "2019-02-01T09:35:45.846Z",
        "type": null,
        "owner": 1
    }
},
{
    "model": "band.band",
    "pk": 12,
    "fields": {
        "name": "Encore un",
        "bio": "",
        "code": "",
        "county_name": "",
        "town": "",
        "avatar": "",
        "created_at": "2019-02-01T09:44:43.098Z",
        "updated_at": "2019-02-01T09:44:43.098Z",
        "type": null,
        "owner": 1
    }
},
{
    "model": "band.band",
    "pk": 13,
    "fields": {
        "name": "test 4",
        "bio": "",
        "code": "",
        "county_name": "",
        "town": "",
        "avatar": "",
        "created_at": "2019-02-01T13:09:47.279Z",
        "updated_at": "2019-02-01T13:09:47.279Z",
        "type": "Groupe de Compos",
        "owner": 1
    }
},
{
    "model": "band.membership",
    "pk": 4,
    "fields": {
        "musician": 1,
        "band": 9,
        "date_joined": "2019-01-31",
        "invite_reason": "band's fouder"
    }
},
{
    "model": "band.membership",
    "pk": 5,
    "fields": {
        "musician": 1,
        "band": 10,
        "date_joined": "2019-02-01",
        "invite_reason": "band's fouder"
    }
},
{
    "model": "band.membership",
    "pk": 6,
    "fields": {
        "musician": 1,
        "band": 11,
        "date_joined": "2019-02-01",
        "invite_reason": "band's fouder"
    }
},
{
    "model": "band.membership",
    "pk": 7,
    "fields": {
        "musician": 1,
        "band": 12,
        "date_joined": "2019-02-01",
        "invite_reason": "band's fouder"
    }
},
{
    "model": "band.membership",
    "pk": 8,
    "fields": {
        "musician": 1,
        "band": 13,
        "date_joined": "2019-02-01",
        "invite_reason": "band's fouder"
    }
},
{
    "model": "admin.logentry",
    "pk": 1,
    "fields": {
        "action_time": "2019-01-01T16:44:14.678Z",
        "user": 1,
        "content_type": 7,
        "object_id": "3",
        "object_repr": "UserProfile object (3)",
        "action_flag": 2,
        "change_message": "[{\"changed\": {\"fields\": [\"birth_year\", \"avatar\"]}}]"
    }
},
{
    "model": "admin.logentry",
    "pk": 2,
    "fields": {
        "action_time": "2019-01-01T18:11:12.390Z",
        "user": 1,
        "content_type": 7,
        "object_id": "3",
        "object_repr": "UserProfile object (3)",
        "action_flag": 2,
        "change_message": "[{\"changed\": {\"fields\": [\"birth_year\", \"avatar\"]}}]"
    }
},
{
    "model": "admin.logentry",
    "pk": 3,
    "fields": {
        "action_time": "2019-01-01T18:12:57.362Z",
        "user": 1,
        "content_type": 7,
        "object_id": "3",
        "object_repr": "UserProfile object (3)",
        "action_flag": 2,
        "change_message": "[{\"changed\": {\"fields\": [\"birth_year\", \"avatar\"]}}]"
    }
},
{
    "model": "admin.logentry",
    "pk": 4,
    "fields": {
        "action_time": "2019-01-01T18:13:12.942Z",
        "user": 1,
        "content_type": 7,
        "object_id": "3",
        "object_repr": "UserProfile object (3)",
        "action_flag": 2,
        "change_message": "[{\"changed\": {\"fields\": [\"birth_year\", \"avatar\"]}}]"
    }
},
{
    "model": "admin.logentry",
    "pk": 5,
    "fields": {
        "action_time": "2019-01-02T08:49:19.495Z",
        "user": 1,
        "content_type": 7,
        "object_id": "3",
        "object_repr": "UserProfile object (3)",
        "action_flag": 2,
        "change_message": "[{\"changed\": {\"fields\": [\"birth_year\", \"avatar\"]}}]"
    }
},
{
    "model": "admin.logentry",
    "pk": 6,
    "fields": {
        "action_time": "2019-01-02T09:06:54.935Z",
        "user": 1,
        "content_type": 7,
        "object_id": "1",
        "object_repr": "UserProfile object (1)",
        "action_flag": 2,
        "change_message": "[{\"changed\": {\"fields\": [\"username\", \"birth_year\"]}}]"
    }
},
{
    "model": "admin.logentry",
    "pk": 7,
    "fields": {
        "action_time": "2019-01-02T12:40:28.720Z",
        "user": 1,
        "content_type": 7,
        "object_id": "3",
        "object_repr": "UserProfile object (3)",
        "action_flag": 2,
        "change_message": "[{\"changed\": {\"fields\": [\"birth_year\", \"avatar\"]}}]"
    }
},
{
    "model": "admin.logentry",
    "pk": 8,
    "fields": {
        "action_time": "2019-01-05T17:46:04.776Z",
        "user": 1,
        "content_type": 7,
        "object_id": "3",
        "object_repr": "UserProfile object (3)",
        "action_flag": 2,
        "change_message": "[{\"changed\": {\"fields\": [\"birth_year\", \"avatar\"]}}]"
    }
},
{
    "model": "admin.logentry",
    "pk": 9,
    "fields": {
        "action_time": "2019-01-10T11:28:54.879Z",
        "user": 1,
        "content_type": 7,
        "object_id": "7",
        "object_repr": "UserProfile object (7)",
        "action_flag": 2,
        "change_message": "[{\"changed\": {\"fields\": [\"town\", \"birth_year\"]}}]"
    }
},
{
    "model": "admin.logentry",
    "pk": 10,
    "fields": {
        "action_time": "2019-01-11T10:49:18.837Z",
        "user": 1,
        "content_type": 7,
        "object_id": "5",
        "object_repr": "UserProfile object (5)",
        "action_flag": 2,
        "change_message": "[{\"changed\": {\"fields\": [\"birth_year\", \"avatar\"]}}]"
    }
},
{
    "model": "admin.logentry",
    "pk": 11,
    "fields": {
        "action_time": "2019-01-11T13:31:53.351Z",
        "user": 1,
        "content_type": 7,
        "object_id": "5",
        "object_repr": "UserProfile object (5)",
        "action_flag": 2,
        "change_message": "[{\"changed\": {\"fields\": [\"county_name\", \"town\", \"birth_year\"]}}]"
    }
},
{
    "model": "admin.logentry",
    "pk": 12,
    "fields": {
        "action_time": "2019-01-14T15:07:45.208Z",
        "user": 1,
        "content_type": 7,
        "object_id": "7",
        "object_repr": "UserProfile object (7)",
        "action_flag": 2,
        "change_message": "[{\"changed\": {\"fields\": [\"gender\", \"birth_year\"]}}]"
    }
},
{
    "model": "admin.logentry",
    "pk": 13,
    "fields": {
        "action_time": "2019-01-14T15:13:07.693Z",
        "user": 1,
        "content_type": 8,
        "object_id": "1",
        "object_repr": "BASSE",
        "action_flag": 1,
        "change_message": "[{\"added\": {}}]"
    }
},
{
    "model": "admin.logentry",
    "pk": 14,
    "fields": {
        "action_time": "2019-01-14T15:14:41.195Z",
        "user": 1,
        "content_type": 8,
        "object_id": "2",
        "object_repr": "PIANO",
        "action_flag": 1,
        "change_message": "[{\"added\": {}}]"
    }
},
{
    "model": "admin.logentry",
    "pk": 15,
    "fields": {
        "action_time": "2019-01-14T15:15:24.011Z",
        "user": 1,
        "content_type": 8,
        "object_id": "3",
        "object_repr": "GUITARE",
        "action_flag": 1,
        "change_message": "[{\"added\": {}}]"
    }
},
{
    "model": "admin.logentry",
    "pk": 16,
    "fields": {
        "action_time": "2019-01-14T15:15:44.469Z",
        "user": 1,
        "content_type": 8,
        "object_id": "4",
        "object_repr": "PIANO",
        "action_flag": 1,
        "change_message": "[{\"added\": {}}]"
    }
},
{
    "model": "admin.logentry",
    "pk": 17,
    "fields": {
        "action_time": "2019-01-28T10:57:50.745Z",
        "user": 1,
        "content_type": 9,
        "object_id": "4",
        "object_repr": "Band object (4)",
        "action_flag": 1,
        "change_message": "[{\"added\": {}}]"
    }
},
{
    "model": "admin.logentry",
    "pk": 18,
    "fields": {
        "action_time": "2019-01-28T11:02:48.255Z",
        "user": 1,
        "content_type": 10,
        "object_id": "1",
        "object_repr": "Metal",
        "action_flag": 1,
        "change_message": "[{\"added\": {}}]"
    }
},
{
    "model": "admin.logentry",
    "pk": 19,
    "fields": {
        "action_time": "2019-01-28T11:49:39.469Z",
        "user": 1,
        "content_type": 10,
        "object_id": "2",
        "object_repr": "Chorale",
        "action_flag": 1,
        "change_message": "[{\"added\": {}}]"
    }
},
{
    "model": "admin.logentry",
    "pk": 20,
    "fields": {
        "action_time": "2019-01-28T11:53:19.088Z",
        "user": 1,
        "content_type": 11,
        "object_id": "1",
        "object_repr": "Member object (1)",
        "action_flag": 1,
        "change_message": "[{\"added\": {}}]"
    }
},
{
    "model": "admin.logentry",
    "pk": 21,
    "fields": {
        "action_time": "2019-01-28T11:53:31.897Z",
        "user": 1,
        "content_type": 11,
        "object_id": "2",
        "object_repr": "Member object (2)",
        "action_flag": 1,
        "change_message": "[{\"added\": {}}]"
    }
},
{
    "model": "admin.logentry",
    "pk": 22,
    "fields": {
        "action_time": "2019-01-28T11:53:45.830Z",
        "user": 1,
        "content_type": 11,
        "object_id": "3",
        "object_repr": "Member object (3)",
        "action_flag": 1,
        "change_message": "[{\"added\": {}}]"
    }
},
{
    "model": "admin.logentry",
    "pk": 23,
    "fields": {
        "action_time": "2019-01-28T14:05:00.910Z",
        "user": 1,
        "content_type": 9,
        "object_id": "5",
        "object_repr": "Band object (5)",
        "action_flag": 1,
        "change_message": "[{\"added\": {}}]"
    }
},
{
    "model": "admin.logentry",
    "pk": 24,
    "fields": {
        "action_time": "2019-01-28T14:05:38.431Z",
        "user": 1,
        "content_type": 11,
        "object_id": "4",
        "object_repr": "Member object (4)",
        "action_flag": 1,
        "change_message": "[{\"added\": {}}]"
    }
},
{
    "model": "admin.logentry",
    "pk": 25,
    "fields": {
        "action_time": "2019-01-28T14:05:47.259Z",
        "user": 1,
        "content_type": 11,
        "object_id": "5",
        "object_repr": "Member object (5)",
        "action_flag": 1,
        "change_message": "[{\"added\": {}}]"
    }
},
{
    "model": "admin.logentry",
    "pk": 26,
    "fields": {
        "action_time": "2019-01-28T14:05:57.416Z",
        "user": 1,
        "content_type": 11,
        "object_id": "6",
        "object_repr": "Member object (6)",
        "action_flag": 1,
        "change_message": "[{\"added\": {}}]"
    }
},
{
    "model": "admin.logentry",
    "pk": 27,
    "fields": {
        "action_time": "2019-01-30T09:14:21.293Z",
        "user": 1,
        "content_type": 9,
        "object_id": "9",
        "object_repr": "Band object (9)",
        "action_flag": 3,
        "change_message": ""
    }
},
{
    "model": "admin.logentry",
    "pk": 28,
    "fields": {
        "action_time": "2019-01-30T09:14:21.374Z",
        "user": 1,
        "content_type": 9,
        "object_id": "8",
        "object_repr": "Band object (8)",
        "action_flag": 3,
        "change_message": ""
    }
},
{
    "model": "admin.logentry",
    "pk": 29,
    "fields": {
        "action_time": "2019-01-30T09:14:21.437Z",
        "user": 1,
        "content_type": 9,
        "object_id": "7",
        "object_repr": "Band object (7)",
        "action_flag": 3,
        "change_message": ""
    }
},
{
    "model": "admin.logentry",
    "pk": 30,
    "fields": {
        "action_time": "2019-01-30T09:14:21.445Z",
        "user": 1,
        "content_type": 9,
        "object_id": "6",
        "object_repr": "Band object (6)",
        "action_flag": 3,
        "change_message": ""
    }
},
{
    "model": "admin.logentry",
    "pk": 31,
    "fields": {
        "action_time": "2019-01-30T09:14:21.453Z",
        "user": 1,
        "content_type": 9,
        "object_id": "5",
        "object_repr": "Band object (5)",
        "action_flag": 3,
        "change_message": ""
    }
},
{
    "model": "admin.logentry",
    "pk": 32,
    "fields": {
        "action_time": "2019-01-30T09:14:21.462Z",
        "user": 1,
        "content_type": 9,
        "object_id": "4",
        "object_repr": "Band object (4)",
        "action_flag": 3,
        "change_message": ""
    }
},
{
    "model": "admin.logentry",
    "pk": 33,
    "fields": {
        "action_time": "2019-01-31T16:21:54.825Z",
        "user": 1,
        "content_type": 9,
        "object_id": "6",
        "object_repr": "lol",
        "action_flag": 1,
        "change_message": "[{\"added\": {}}]"
    }
},
{
    "model": "admin.logentry",
    "pk": 34,
    "fields": {
        "action_time": "2019-01-31T16:46:47.086Z",
        "user": 1,
        "content_type": 9,
        "object_id": "7",
        "object_repr": "Bachibouzouk",
        "action_flag": 1,
        "change_message": "[{\"added\": {}}]"
    }
},
{
    "model": "admin.logentry",
    "pk": 35,
    "fields": {
        "action_time": "2019-01-31T17:09:34.774Z",
        "user": 1,
        "content_type": 9,
        "object_id": "8",
        "object_repr": "un petit troisi\u00e8me",
        "action_flag": 1,
        "change_message": "[{\"added\": {}}]"
    }
},
{
    "model": "admin.logentry",
    "pk": 36,
    "fields": {
        "action_time": "2019-01-31T17:09:53.078Z",
        "user": 1,
        "content_type": 9,
        "object_id": "8",
        "object_repr": "un petit troisi\u00e8me",
        "action_flag": 3,
        "change_message": ""
    }
},
{
    "model": "admin.logentry",
    "pk": 37,
    "fields": {
        "action_time": "2019-01-31T17:09:59.661Z",
        "user": 1,
        "content_type": 9,
        "object_id": "7",
        "object_repr": "Bachibouzouk",
        "action_flag": 3,
        "change_message": ""
    }
},
{
    "model": "admin.logentry",
    "pk": 38,
    "fields": {
        "action_time": "2019-01-31T17:10:05.421Z",
        "user": 1,
        "content_type": 9,
        "object_id": "6",
        "object_repr": "lol",
        "action_flag": 3,
        "change_message": ""
    }
},
{
    "model": "admin.logentry",
    "pk": 39,
    "fields": {
        "action_time": "2019-01-31T17:11:07.351Z",
        "user": 1,
        "content_type": 9,
        "object_id": "9",
        "object_repr": "lol",
        "action_flag": 1,
        "change_message": "[{\"added\": {}}]"
    }
}
]
